2799,1,1,Pending,0
2800,1,2,Pending,1
2801,1,3,Pending,2
2802,1,4,Pending,3
2803,1,5,Pending,4
2804,1,6,Pending,5
2805,1,7,Pending,6
2806,1,8,Pending,7
2807,1,9,Pending,8
2808,1,10,Pending,9
2809,1,11,Pending,10
2810,1,12,Pending,11
2811,1,13,Pending,12
2812,1,14,Pending,13
2813,1,15,Pending,14
2814,1,16,Pending,15
2815,1,17,Pending,16
2816,1,18,Pending,17
2817,1,19,Pending,18
2818,1,20,Pending,19
2819,1,21,Pending,20
2820,1,22,Pending,21
2821,1,23,Pending,22
2822,1,24,Pending,23
2823,1,25,Pending,24
2824,1,26,Pending,25
2825,1,27,Pending,26
2826,1,29,Pending,27
2827,1,31,Pending,28
2828,1,32,Pending,29
2829,1,33,Pending,30
2830,1,34,Pending,31
2831,1,35,Pending,32
2832,1,36,Pending,33
2833,1,38,Pending,34
2834,1,39,Pending,35
2835,1,40,Pending,36
2836,1,41,Pending,37
2837,1,42,Pending,38
2838,1,43,Pending,39
2839,1,44,Pending,40
2840,1,45,Pending,41
2841,1,47,Pending,42
2842,1,49,Pending,43
2843,1,51,Pending,44
2844,1,52,Pending,45
2845,1,53,Pending,46
2846,1,54,Pending,47
2847,1,55,Pending,48
2848,1,57,Pending,49
2849,1,58,Pending,50
2850,1,59,Pending,51
2851,1,60,Pending,52
2852,1,61,Pending,53
2853,1,62,Pending,54
2854,1,64,Pending,55
2855,1,65,Pending,56
2856,1,66,Pending,57
2857,1,67,Pending,58
2858,1,68,Pending,59
2859,1,69,Pending,60
2860,1,70,Pending,61
2861,1,71,Pending,62
2862,1,72,Pending,63
2863,1,74,Pending,64
2864,1,75,Pending,65
2865,1,76,Pending,66
2866,1,77,Pending,67
2867,1,78,Pending,68
2868,1,79,Pending,69
2869,1,80,Pending,70
2870,1,81,Pending,71
2871,1,82,Pending,72
2872,1,84,Pending,73
2873,1,85,Pending,74
2874,1,86,Pending,75
2875,1,87,Pending,76
2876,1,88,Pending,77
2877,1,89,Pending,78
2878,1,90,Pending,79
2879,1,91,Pending,80
2880,1,92,Pending,81
2881,1,93,Pending,82
2882,1,94,Pending,83
2883,1,95,Pending,84
2884,1,96,Pending,85
2885,1,98,Pending,86
2886,1,99,Pending,87
2887,1,100,Pending,88
2888,1,101,Pending,89
2889,1,102,Pending,90
2890,1,103,Pending,91
2891,1,104,Pending,92
2892,1,105,Pending,93
2893,1,106,Pending,94
2894,1,107,Pending,95
2895,1,108,Pending,96
2896,1,109,Pending,97
2897,1,110,Pending,98
2898,1,111,Pending,99
2899,1,112,Pending,100
2900,1,113,Pending,101
2901,1,114,Pending,102
2902,1,115,Pending,103
2903,1,116,Pending,104
2904,1,117,Pending,105
2905,1,118,Pending,106
2906,1,119,Pending,107
2907,1,120,Pending,108
2908,1,121,Pending,109
2909,1,122,Pending,110
2910,1,123,Pending,111
2911,1,124,Pending,112
2912,1,125,Pending,113
2913,1,128,Pending,114
2914,1,129,Pending,115
2915,1,130,Pending,116
2916,1,132,Pending,117
2917,1,133,Pending,118
2918,1,28,Unassigned,119
2919,1,30,Unassigned,120
2920,1,37,Unassigned,121
2921,1,46,Unassigned,122
2922,1,48,Unassigned,123
2923,1,50,Unassigned,124
2924,1,56,Unassigned,125
2925,1,63,Unassigned,126
2926,1,73,Unassigned,127
2927,1,83,Unassigned,128
2928,1,97,Unassigned,129
2929,1,126,Unassigned,130
2930,1,127,Unassigned,131
2931,1,131,Unassigned,132
